,Country,Density_Km,Abbreviation,AgriculturalLand,LandArea_Km,ArmedForcessize,BirthRate,CapitalMajorCity,Co2_Emissions,CPI,CPIChange,FertilityRate,ForestedArea,GasolinePrice,GDP,Grossprimaryeducationenrollment,Grosstertiaryeducationenrollment,Infantmortality,Largestcity,Lifeexpectancy,Maternalmortalityratio,Minimumwage,Officiallanguage,Outofpockethealthexpenditure,Physiciansperthousand,Population,PopulationLaborforceparticipation,Taxrevenue,Totaltaxrate,Unemploymentrate,Urban_population
0,Afghanistan,60,AF,58.1,652230,323000,32.49,Kabul,8672.0,149.9,2.3,4.47,2.1,0.7,19101353833,104.0,9.7,47.9,Kabul,64.5,638.0,0.43,Pashto,78.4,0.28,38041754,48.9,9.3,71.4,11.12,9797273
1,Albania,105,AL,43.1,28748,9000,11.78,Tirana,4536.0,119.05,1.4,1.62,28.1,1.36,15278077447,107.0,55.0,7.8,Tirana,78.5,15.0,1.12,Albanian,56.9,1.2,2854191,55.7,18.6,36.6,12.33,1747593
2,Algeria,18,DZ,17.4,2381741,317000,24.28,Algiers,150006.0,151.36,2.0,3.02,0.8,0.28,169988236398,109.9,51.4,20.1,Algiers,76.7,112.0,0.95,Arabic,28.1,1.72,43053054,41.2,37.2,66.1,11.7,31510100
3,Andorra,164,AD,40.0,468,0,7.2,Andorra la Vella,469.0,0.0,0.0,1.27,34.0,1.51,3154057987,106.4,0.0,2.7,Andorra la Vella,0.0,0.0,6.63,Catalan,36.4,3.33,77142,0.0,0.0,0.0,0.0,67873
4,Angola,26,AO,47.5,1246700,117000,40.73,Luanda,34693.0,261.73,17.1,5.52,46.3,0.97,94635415870,113.5,9.3,51.6,Luanda,60.8,241.0,0.71,Portuguese,33.4,0.21,31825295,77.5,9.2,49.1,6.89,21061025
5,Antigua and Barbuda,223,AG,20.5,443,0,15.33,"St. John's, Saint John",557.0,113.81,1.2,1.99,22.3,0.99,1727759259,105.0,24.8,5.0,"St. John's, Saint John",76.9,42.0,3.04,English,24.3,2.76,97118,0.0,16.5,43.0,0.0,23800
6,Argentina,17,AR,54.3,2780400,105000,17.02,Buenos Aires,201348.0,232.75,53.5,2.26,9.8,1.1,449663446954,109.7,90.0,8.8,Buenos Aires,76.5,39.0,3.35,Spanish,17.6,3.96,44938712,61.3,10.1,106.3,9.79,41339571
7,Armenia,104,AM,58.9,29743,49000,13.99,Yerevan,5156.0,129.18,1.4,1.76,11.7,0.77,13672802158,92.7,54.6,11.0,Yerevan,74.9,26.0,0.66,Armenian,81.6,4.4,2957731,55.6,20.9,22.6,16.99,1869848
8,Australia,3,AU,48.2,7741220,58000,12.6,Canberra,375908.0,119.8,1.6,1.74,16.3,0.93,1392680589329,100.3,113.1,3.1,Sydney,82.7,6.0,13.59,,19.6,3.68,25766605,65.5,23.0,47.4,5.27,21844756
9,Austria,109,AT,32.4,83871,21000,9.7,Vienna,61448.0,118.06,1.5,1.47,46.9,1.2,446314739528,103.1,85.1,2.9,Vienna,81.6,5.0,0.0,German,17.9,5.17,8877067,60.7,25.4,51.4,4.67,5194416
10,Azerbaijan,123,AZ,57.7,86600,82000,14.0,Baku,37620.0,156.32,2.6,1.73,14.1,0.56,39207000000,99.7,27.7,19.2,Baku,72.9,26.0,0.47,Azerbaijani language,78.6,3.45,10023318,66.5,13.0,40.7,5.51,5616165
11,The Bahamas,39,BS,1.4,13880,1000,13.97,"Nassau, Bahamas",1786.0,116.22,2.5,1.75,51.4,0.92,12827000000,81.4,15.1,8.3,"Nassau, Bahamas",73.8,70.0,5.25,English,27.8,1.94,389482,74.6,14.8,33.8,10.36,323784
12,Bahrain,2239,BH,11.1,765,19000,13.99,Manama,31694.0,117.59,2.1,1.99,0.8,0.43,38574069149,99.4,50.5,6.1,Riffa,77.2,14.0,0.0,Arabic,25.1,0.93,1501635,73.4,4.2,13.8,0.71,1467109
13,Bangladesh,1265,BD,70.6,148460,221000,18.18,Dhaka,84246.0,179.68,5.6,2.04,11.0,1.12,302571254131,116.5,20.6,25.1,Dhaka,72.3,173.0,0.51,Bengali,71.8,0.58,167310838,59.0,8.8,33.4,4.19,60987417
14,Barbados,668,BB,23.3,430,1000,10.65,Bridgetown,1276.0,134.09,4.1,1.62,14.7,1.81,5209000000,99.4,65.4,11.3,Bridgetown,79.1,27.0,3.13,English,45.2,2.48,287025,65.2,27.5,35.6,10.33,89431
15,Belarus,47,BY,42.0,207600,155000,9.9,Minsk,58280.0,0.0,5.6,1.45,42.6,0.6,63080457023,100.5,87.4,2.6,Minsk,74.2,2.0,1.49,Russian,34.5,5.19,9466856,64.1,14.7,53.3,4.59,7482982
16,Belgium,383,BE,44.6,30528,32000,10.3,City of Brussels,96889.0,117.11,1.4,1.62,22.6,1.43,529606710418,103.9,79.7,2.9,Brussels,81.6,5.0,10.31,French,17.6,3.07,11484055,53.6,24.0,55.4,5.59,11259082
17,Belize,17,BZ,7.0,22966,2000,20.79,Belmopan,568.0,105.68,-0.9,2.31,59.7,1.13,1879613600,111.7,24.7,11.2,Belize City,74.5,36.0,1.65,English,22.7,1.12,390353,65.1,26.3,31.1,6.41,179039
18,Benin,108,BJ,33.3,112622,12000,36.22,Porto-Novo,6476.0,110.71,-0.9,4.84,37.8,0.72,14390709095,122.0,12.3,60.5,Cotonou,61.5,397.0,0.39,French,40.5,0.08,11801151,70.9,10.8,48.9,2.23,5648149
19,Bhutan,20,BT,13.6,38394,6000,17.26,Thimphu,1261.0,167.18,2.7,1.98,72.5,0.98,2446674101,100.1,15.6,24.8,Thimphu,71.5,183.0,0.32,Dzongkha,19.8,0.42,727145,66.7,16.0,35.3,2.34,317538
20,Bolivia,11,BO,34.8,1098581,71000,21.75,Sucre,21606.0,148.32,1.8,2.73,50.3,0.71,40895322865,98.2,0.0,21.8,Santa Cruz de la Sierra,71.2,155.0,1.36,Spanish,25.9,1.59,11513100,71.8,17.0,83.7,3.5,8033035
21,Bosnia and Herzegovina,64,BA,43.1,51197,11000,8.11,Sarajevo,21848.0,104.9,0.6,1.27,42.7,1.05,20047848435,0.0,23.3,5.0,Tuzla Canton,77.3,10.0,1.04,Bosnian,28.6,2.16,3301000,46.4,20.4,23.7,18.42,1605144
22,Botswana,4,BW,45.6,581730,9000,24.82,Gaborone,6340.0,149.75,2.8,2.87,18.9,0.71,18340510789,103.2,24.9,30.0,Gaborone,69.3,144.0,0.29,English,5.3,0.37,2346179,70.8,19.5,25.1,18.19,1616550
24,Brunei,83,BN,2.7,5765,8000,14.9,Bandar Seri Begawan,7664.0,99.03,-0.4,1.85,72.1,0.37,13469422941,103.2,31.4,9.8,,75.7,31.0,0.0,Malay,6.0,1.61,433285,64.7,0.0,8.0,9.12,337711
25,Bulgaria,64,BG,46.3,110879,31000,8.9,Sofia,41708.0,114.42,3.1,1.56,35.4,1.11,86000000000,89.3,71.0,5.9,Sofia,74.9,10.0,1.57,Bulgarian,47.7,4.03,6975761,55.4,20.2,28.3,4.34,5256027
26,Burkina Faso,76,BF,44.2,274200,11000,37.93,Ouagadougou,3418.0,106.58,-3.2,5.19,19.3,0.98,15745810235,96.1,6.5,49.0,Ouagadougou,61.2,320.0,0.34,French,36.1,0.08,20321378,66.4,15.0,41.3,6.26,6092349
27,Burundi,463,BI,79.2,27830,31000,39.01,Bujumbura,495.0,182.11,-0.7,5.41,10.9,1.21,3012334882,121.4,6.1,41.0,Bujumbura,61.2,548.0,0.0,Kirundi,19.1,0.1,11530580,79.2,13.6,41.2,1.43,1541177
28,Ivory Coast,83,CI,64.8,322463,27000,35.74,Yamoussoukro,9674.0,111.61,-0.9,4.65,32.7,0.93,58792205642,99.8,9.3,59.4,Abidjan,57.4,617.0,0.36,French,36.0,0.23,25716544,57.0,11.8,50.1,3.32,13176900
29,Cape Verde,138,CV,19.6,4033,1000,19.49,Praia,543.0,110.5,1.1,2.27,22.5,1.02,1981845741,104.0,23.6,16.7,Praia,72.8,58.0,0.68,Portuguese,23.2,0.77,483628,60.5,20.1,37.5,12.25,364029
30,Cambodia,95,KH,30.9,181035,191000,22.46,Phnom Penh,9919.0,127.63,2.5,2.5,52.9,0.9,27089389787,107.4,13.7,24.0,Phnom Penh,69.6,160.0,0.0,Khmer language,59.4,0.17,16486542,82.3,17.1,23.1,0.68,3924621
31,Cameroon,56,CM,20.6,475440,24000,35.39,Yaound,8291.0,118.65,2.5,4.57,39.3,1.03,38760467033,103.4,12.8,50.6,Douala,58.9,529.0,0.35,French,69.7,0.09,25876380,76.1,12.8,57.7,3.38,14741256
32,Canada,4,CA,6.9,9984670,72000,10.1,Ottawa,544894.0,116.76,1.9,1.5,38.2,0.81,1736425629520,100.9,68.9,4.3,Toronto,81.9,10.0,9.51,French,14.6,2.61,36991981,65.1,12.8,24.5,5.56,30628482
33,Central African Republic,8,CF,8.2,622984,8000,35.35,Bangui,297.0,186.86,37.1,4.72,35.6,1.41,2220307369,102.0,3.0,84.5,Bangui,52.8,829.0,0.37,French,39.6,0.06,4745185,72.0,8.6,73.3,3.68,1982064
34,Chad,13,TD,39.7,1284000,35000,42.17,N'Djamena,1016.0,117.7,-1.0,5.75,3.8,0.78,11314951343,86.8,3.3,71.4,N'Djamena,54.0,1140.0,0.6,French,56.4,0.04,15946876,70.7,0.0,63.5,1.89,3712273
35,Chile,26,CL,21.2,756096,122000,12.43,Santiago,85822.0,131.91,2.6,1.65,24.3,1.03,282318159745,101.4,88.5,6.2,Santiago,80.0,13.0,2.0,Spanish,32.2,2.59,18952038,62.6,18.2,34.0,7.09,16610135
36,China,153,CN,56.2,9596960,2695000,10.9,Beijing,9893038.0,125.08,2.9,1.69,22.4,0.96,19910000000000,100.2,50.6,7.4,Shanghai,77.0,29.0,0.87,Standard Chinese,32.4,1.98,1397715000,68.0,9.4,59.2,4.32,842933962
37,Colombia,46,CO,40.3,1138910,481000,14.88,Bogot,97814.0,140.95,3.5,1.81,52.7,0.68,323802808108,114.5,55.3,12.2,Bogot,77.1,83.0,1.23,Spanish,18.3,2.18,50339443,68.8,14.4,71.2,9.71,40827302
38,Comoros,467,KM,71.5,2235,0,31.88,"Moroni, Comoros",202.0,103.62,-4.3,4.21,19.7,0.0,1185728677,99.5,9.0,51.3,"Moroni, Comoros",64.1,273.0,0.71,French,74.8,0.27,850886,43.3,0.0,219.6,4.34,248152
39,Republic of the Congo,16,,31.1,342000,12000,32.86,Brazzaville,3282.0,124.74,2.2,4.43,65.4,0.97,10820591131,106.6,12.7,36.2,Brazzaville,64.3,378.0,0.88,French,43.8,0.12,5380508,69.4,9.0,54.3,9.47,3625010
40,Costa Rica,100,CR,34.5,51100,10000,13.97,San Jos,8023.0,128.85,2.1,1.75,54.6,0.98,61773944174,113.3,55.2,7.6,San Jos,80.1,27.0,1.84,Spanish,21.5,2.89,5047561,62.1,13.6,58.3,11.85,4041885
41,Croatia,73,HR,27.6,56594,18000,9.0,Zagreb,17488.0,109.82,0.8,1.47,34.4,1.26,60415553039,96.5,67.9,4.0,Zagreb,78.1,8.0,2.92,Croatian,15.2,3.0,4067500,51.2,22.0,20.5,6.93,2328318
42,Cuba,106,CU,59.9,110860,76000,10.17,Havana,28284.0,0.0,0.0,1.62,31.3,1.4,100023000000,101.9,41.4,3.7,Havana,78.7,36.0,0.05,Spanish,0.0,8.42,11333483,53.6,0.0,0.0,1.64,8739135
43,Cyprus,131,CY,12.2,9251,16000,10.46,Nicosia,6626.0,102.51,0.3,1.33,18.7,1.23,24564647935,99.3,75.9,1.9,Statos,80.8,6.0,0.0,Greek,43.9,1.95,1198575,63.1,24.5,22.4,7.27,800708
44,Czech Republic,139,CZ,45.2,78867,23000,10.7,Prague,102218.0,116.48,2.8,1.69,34.6,1.17,246489245495,100.7,64.1,2.7,Prague,79.0,3.0,3.0,Czech,14.8,4.12,10669709,60.6,14.9,46.1,1.93,7887156
45,Democratic Republic of the Congo,40,CD,11.6,2344858,134000,41.18,Kinshasa,2021.0,133.85,2.9,5.92,67.2,1.49,47319624204,108.0,6.6,68.2,Kinshasa,60.4,473.0,0.18,French,37.4,0.07,86790567,63.5,10.7,50.7,4.24,39095679
46,Denmark,137,DK,62.0,43094,15000,10.6,Copenhagen,31786.0,110.35,0.8,1.73,14.7,1.55,348078018464,101.3,80.6,3.6,Copenhagen,81.0,4.0,0.0,Danish,13.7,4.01,5818553,62.2,32.4,23.8,4.91,5119978
47,Djibouti,43,DJ,73.4,23200,13000,21.47,Djibouti City,620.0,120.25,3.3,2.73,0.2,1.32,3318716359,75.3,5.3,49.8,Djibouti City,66.6,248.0,0.0,French,20.4,0.22,973560,60.2,0.0,37.9,10.3,758549
48,Dominica,96,DM,33.3,751,0,12.0,Roseau,180.0,103.87,1.0,1.9,57.4,0.0,596033333,114.7,7.2,32.9,Roseau,76.6,0.0,1.48,English,28.4,1.08,71808,0.0,22.1,32.6,0.0,50830
49,Dominican Republic,225,DO,48.7,48670,71000,19.51,Santo Domingo,25258.0,135.5,1.8,2.35,41.7,1.07,88941298258,105.7,59.9,24.1,Santo Domingo,73.9,95.0,0.4,Spanish,43.7,1.56,10738958,64.3,13.0,48.8,5.84,8787475
50,Ecuador,71,EC,22.2,283561,41000,19.72,Quito,41155.0,124.14,0.3,2.43,50.2,0.61,107435665000,103.3,44.9,12.2,Quito,76.8,59.0,2.46,Spanish,43.7,2.04,17373662,68.0,0.0,34.4,3.97,11116711
51,Egypt,103,EG,3.8,1001450,836000,26.38,Cairo,238560.0,288.57,9.2,3.33,0.1,0.4,303175127598,106.3,35.2,18.1,Cairo,71.8,37.0,0.0,Modern Standard Arabic,62.0,0.45,100388073,46.4,12.5,44.4,10.76,42895824
52,El Salvador,313,SV,76.4,21041,42000,18.25,San Salvador,7169.0,111.23,0.1,2.04,12.6,0.83,27022640000,94.8,29.4,11.8,San Salvador,73.1,46.0,0.5,Spanish,27.9,1.57,6453553,59.1,18.1,36.4,4.11,4694702
53,Equatorial Guinea,50,GQ,10.1,28051,1000,33.24,Malabo,5655.0,124.35,1.2,4.51,55.5,0.0,11026774945,61.8,1.9,62.6,Malabo,58.4,301.0,1.05,Spanish,72.0,0.4,1355986,62.0,6.1,79.4,6.43,984812
54,Eritrea,35,ER,75.2,117600,202000,30.3,Asmara,711.0,0.0,0.0,4.06,14.9,2.0,2065001626,68.4,3.4,31.3,Asmara,65.9,480.0,0.0,Tigrinya,52.4,0.06,6333135,78.4,0.0,83.7,5.14,1149670
55,Estonia,31,EE,23.1,45228,6000,10.9,Tallinn,16590.0,122.14,2.3,1.59,51.3,1.14,31386949981,97.2,69.6,2.1,Tallinn,78.2,9.0,3.14,Estonian,22.8,4.48,1331824,63.6,20.9,47.8,5.11,916024
56,Eswatini,67,,0.0,17364,0,0.0,Mbabane,0.0,0.0,0.0,0.0,0.0,0.0,3791304348,0.0,0.0,0.0,Mbabane,0.0,0.0,0.0,English,11.3,0.0,1093238,0.0,28.6,0.0,0.0,0
57,Ethiopia,115,ET,36.3,1104300,138000,32.34,Addis Ababa,14870.0,143.86,15.8,4.25,12.5,0.75,96107662398,101.0,8.1,39.1,Addis Ababa,66.2,401.0,0.0,Amharic,37.8,0.08,112078730,79.6,7.5,37.7,2.08,23788710
58,Fiji,49,FJ,23.3,18274,4000,21.28,Suva,2046.0,132.3,1.8,2.77,55.9,0.82,5535548972,106.4,16.1,21.6,Suva,67.3,34.0,1.28,Fiji Hindi,21.4,0.84,889953,57.6,24.2,32.1,4.1,505048
59,Finland,18,FI,7.5,338145,25000,8.6,Helsinki,45871.0,112.33,1.0,1.41,73.1,1.45,268761201365,100.2,88.2,1.4,Helsinki,81.7,3.0,0.0,Swedish,19.9,3.81,5520314,59.1,20.8,36.6,6.59,4716888
60,France,119,FR,52.4,643801,307000,11.3,Paris,303276.0,110.05,1.1,1.88,31.2,1.39,2715518274227,102.5,65.6,3.4,Paris,82.5,8.0,11.16,French,6.8,3.27,67059887,55.1,24.2,60.7,8.43,54123364
61,Gabon,9,GA,20.0,267667,7000,31.61,Libreville,5321.0,122.19,2.1,3.97,90.0,0.92,16657960228,139.9,8.3,32.7,Libreville,66.2,252.0,1.46,French,25.9,0.68,2172579,52.9,10.2,47.1,20.0,1949694
62,The Gambia,239,GM,59.8,11300,1000,38.54,Banjul,532.0,172.73,7.1,5.22,48.4,1.18,1763819048,98.0,2.7,39.0,Serekunda,61.7,597.0,0.13,English,20.3,0.1,2347706,59.4,9.4,48.4,9.06,1453958
63,Georgia,57,GE,34.5,69700,26000,13.47,Tbilisi,10128.0,133.61,4.9,2.06,40.6,0.76,17743195770,98.6,63.9,8.7,Tbilisi,73.6,25.0,0.05,Georgian,57.3,7.12,3720382,68.3,21.7,9.9,14.4,2196476
64,Germany,240,DE,47.7,357022,180000,9.5,Berlin,727973.0,112.85,1.4,1.56,32.7,1.39,3845630030824,104.0,70.2,3.1,Berlin,80.9,7.0,9.99,German,12.5,4.25,83132799,60.8,11.5,48.8,3.04,64324835
65,Ghana,137,GH,69.0,238533,16000,29.41,Accra,16670.0,268.36,7.2,3.87,41.2,0.92,66983634224,104.8,15.7,34.9,Accra,63.8,308.0,0.27,English,36.1,0.14,30792608,67.8,12.6,55.4,4.33,17249054
66,Greece,81,GR,47.6,131957,146000,8.1,Athens,62434.0,101.87,0.2,1.35,31.7,1.54,209852761469,99.6,136.6,3.6,Macedonia,81.3,3.0,4.46,Greek,35.5,5.48,10716322,51.8,26.2,51.9,17.24,8507474
67,Grenada,331,GD,23.5,349,0,16.47,"St. George's, Grenada",268.0,107.43,0.8,2.06,50.0,1.12,1228170370,106.9,104.6,13.7,"St. George's, Grenada",72.4,25.0,0.0,English,57.0,1.41,112003,0.0,19.4,47.8,0.0,40765
68,Guatemala,167,GT,36.0,108889,43000,24.56,Guatemala City,16777.0,142.92,3.7,2.87,32.7,0.79,76710385880,101.9,21.8,22.1,Guatemala City,74.1,95.0,1.6,Spanish,55.8,0.35,16604026,62.3,10.6,35.2,2.46,8540945
69,Guinea,53,GN,59.0,245857,13000,36.36,Conakry,2996.0,262.95,9.5,4.7,25.8,0.9,13590281809,91.5,11.6,64.9,Kankan,61.2,576.0,0.0,French,54.5,0.08,12771246,61.5,10.8,69.3,4.3,4661505
70,Guinea-Bissau,70,GW,58.0,36125,4000,35.13,Bissau,293.0,111.65,1.4,4.48,69.8,0.0,1340389411,118.7,2.6,54.0,Bissau,58.0,667.0,0.16,Portuguese,37.2,0.13,1920922,72.0,10.3,45.5,2.47,840922
71,Guyana,4,GY,8.6,214969,3000,19.97,"Georgetown, Guyana",2384.0,116.19,2.1,2.46,83.9,0.9,4280443645,97.8,11.6,25.1,"Georgetown, Guyana",69.8,169.0,0.98,English,40.5,0.8,782766,56.2,0.0,30.6,11.85,208912
72,Haiti,414,HT,66.8,27750,0,24.35,Port-au-Prince,2978.0,179.29,12.5,2.94,3.5,0.81,8498981821,113.6,1.1,49.5,Port-au-Prince,63.7,480.0,0.25,French,36.3,0.23,11263077,67.2,0.0,42.7,13.78,6328948
73,Vatican City,2003,,0.0,0,0,0.0,Vatican City,0.0,0.0,0.0,0.0,0.0,0.0,0,0.0,0.0,0.0,,0.0,0.0,0.0,Italian,0.0,0.0,836,0.0,0.0,0.0,0.0,0
74,Honduras,89,HN,28.9,112090,23000,21.6,Tegucigalpa,9813.0,150.34,4.4,2.46,40.0,0.98,25095395475,91.5,26.2,15.1,Tegucigalpa,75.1,65.0,1.01,Spanish,49.1,0.31,9746117,68.8,17.3,39.1,5.39,5626433
75,Hungary,107,HU,58.4,93028,40000,9.6,Budapest,45537.0,121.64,3.3,1.54,22.9,1.18,160967157504,100.8,48.5,3.6,Budapest,75.8,12.0,2.62,Hungarian,29.0,3.41,9769949,56.5,23.0,37.9,3.4,6999582
76,Iceland,3,IS,18.7,103000,0,12.0,Reykjav,2065.0,129.0,3.0,1.71,0.5,1.69,24188035739,100.4,71.8,1.5,Reykjav,82.7,4.0,0.0,Icelandic,17.0,4.08,361313,75.0,23.3,31.9,2.84,339110
77,India,464,IN,60.4,3287263,3031000,17.86,New Delhi,2407672.0,180.44,7.7,2.22,23.8,0.97,2611000000000,113.0,28.1,29.9,Kurebhar,69.4,145.0,0.3,Hindi,65.1,0.86,1366417754,49.3,11.2,49.7,5.36,471031528
78,Indonesia,151,ID,31.5,1904569,676000,18.07,Jakarta,563325.0,151.18,3.0,2.31,49.9,0.63,1119190780753,106.4,36.3,21.1,Kalimantan,71.5,177.0,0.48,Indonesian,48.3,0.43,270203917,67.5,10.2,30.1,4.69,151509724
79,Iran,52,IR,28.2,1648195,563000,18.78,Tehran,661710.0,550.93,39.9,2.14,6.6,0.4,445345282123,110.7,68.1,12.4,Tehran,76.5,16.0,1.58,Persian,39.7,1.58,82913906,44.7,7.4,44.7,11.38,62509623
80,Iraq,93,IQ,21.4,438317,209000,29.08,Baghdad,190061.0,119.86,0.4,3.67,1.9,0.61,234094042939,108.7,16.2,22.5,Baghdad,70.5,79.0,1.24,Arabic,76.5,0.71,39309783,43.0,2.0,30.8,12.82,27783368
81,Republic of Ireland,72,,64.5,70273,9000,12.5,Dublin,37711.0,106.58,0.9,1.75,11.0,1.37,388698711348,100.9,77.8,3.1,Connacht,82.3,5.0,10.79,Irish,15.2,3.31,5007069,62.1,18.3,26.1,4.93,3133123
82,Israel,400,IL,24.6,20770,178000,20.8,Jerusalem,65166.0,108.15,0.8,3.09,7.7,1.57,395098666122,104.9,63.4,3.0,Jerusalem,82.8,3.0,7.58,Hebrew,24.4,4.62,9053300,64.0,23.1,25.3,3.86,8374393
83,Italy,206,IT,43.2,301340,347000,7.3,Rome,320411.0,110.62,0.6,1.29,31.8,1.61,2001244392042,101.9,61.9,2.6,Rome,82.9,2.0,0.0,Italian,22.8,3.98,60297396,49.6,24.3,59.1,9.89,42651966
84,Jamaica,273,JM,41.0,10991,4000,16.1,"Kingston, Jamaica",8225.0,162.47,3.9,1.98,30.9,1.11,16458071068,91.0,27.1,12.4,"Kingston, Jamaica",74.4,80.0,1.33,Jamaican English,23.7,1.31,2948279,66.0,26.8,35.1,8.0,1650594
85,Japan,347,JP,12.3,377944,261000,7.4,Tokyo,1135886.0,105.48,0.5,1.42,68.5,1.06,5081769542380,98.8,63.2,1.8,Tokyo,84.2,5.0,6.77,,13.1,2.41,126226568,61.7,11.9,46.7,2.29,115782416
86,Jordan,115,JO,12.0,89342,116000,21.98,Amman,25108.0,125.6,0.8,2.76,1.1,1.1,43743661972,81.5,34.4,13.9,Amman,74.4,46.0,1.49,Arabic,25.1,2.32,10101694,39.3,15.1,28.6,14.72,9213048
87,Kazakhstan,7,KZ,80.4,2724900,71000,21.77,Astana,247207.0,182.75,5.2,2.84,1.2,0.42,180161741180,104.4,61.7,8.8,Almaty,73.2,10.0,0.41,Russian,38.8,3.25,18513930,68.8,11.7,28.4,4.59,10652915
88,Kenya,94,KE,48.5,580367,29000,28.75,Nairobi,17910.0,180.51,4.7,3.49,7.8,0.95,95503088538,103.2,11.5,30.6,Nairobi,66.3,342.0,0.25,Swahili,33.4,0.16,52573973,74.7,15.1,37.2,2.64,14461523
89,Kiribati,147,KI,42.0,811,0,27.89,South Tarawa,66.0,99.55,0.6,3.57,15.0,0.0,194647202,101.3,0.0,41.2,South Tarawa,68.1,92.0,0.0,English,0.2,0.2,117606,0.0,22.0,32.7,0.0,64489
90,Kuwait,240,KW,8.4,17818,25000,13.94,Kuwait City,98734.0,126.6,1.1,2.08,0.4,0.35,134761198946,92.4,54.4,6.7,Kuwait City,75.4,12.0,0.95,Modern Standard Arabic,14.4,2.58,4207083,73.5,1.4,13.0,2.18,4207083
91,Kyrgyzstan,34,KG,55.0,199951,21000,27.1,Bishkek,9787.0,155.68,1.1,3.3,3.3,0.56,8454619608,107.6,41.3,16.9,Bishkek,71.4,60.0,0.09,Russian,48.2,1.88,6456900,59.8,18.0,29.0,6.33,2362644
92,Laos,32,LA,10.3,236800,129000,23.55,Vientiane,17763.0,135.87,3.3,2.67,82.1,0.93,18173839128,102.4,15.0,37.6,Vientiane,67.6,185.0,0.83,Lao,45.4,0.37,7169455,78.5,12.9,24.1,0.63,2555552
93,Latvia,30,LV,31.1,64589,6000,10.0,Riga,7004.0,116.86,2.8,1.6,54.0,1.16,34117202555,99.4,88.1,3.3,Riga,74.7,19.0,2.8,Latvian,41.6,3.19,1912789,61.4,22.9,38.1,6.52,1304943
94,Lebanon,667,LB,64.3,10400,80000,17.55,Beirut,24796.0,130.02,3.0,2.09,13.4,0.74,53367042272,95.1,26.3,6.4,"Tripoli, Lebanon",78.9,29.0,2.15,Arabic,32.1,2.1,6855713,47.0,15.3,32.2,6.23,6084994
95,Lesotho,71,LS,77.6,30355,2000,26.81,Maseru,2512.0,155.86,5.2,3.14,1.6,0.7,2460072444,120.9,10.2,65.7,Maseru,53.7,544.0,0.41,English,16.9,0.07,2125268,67.9,31.6,13.6,23.41,607508
96,Liberia,53,LR,28.0,111369,2000,33.04,Monrovia,1386.0,223.13,23.6,4.32,43.1,0.8,3070518100,85.1,11.9,53.5,Monrovia,63.7,661.0,0.17,English,19.6,0.04,4937374,76.3,12.9,46.2,2.81,2548426
97,Libya,4,LY,8.7,1759540,0,18.83,,50564.0,125.71,2.6,2.24,0.1,0.11,52076250948,109.0,60.5,10.2,,72.7,72.0,1.88,Arabic,36.7,2.09,6777452,49.7,0.0,32.6,18.56,5448597
98,Liechtenstein,238,LI,32.2,160,0,9.9,Vaduz,51.0,0.0,0.0,1.44,43.1,1.74,6552858739,104.7,35.6,0.0,Schaan,83.0,0.0,0.0,German,0.0,0.0,38019,0.0,0.0,21.6,0.0,5464
99,Lithuania,43,LT,47.2,65300,34000,10.0,Vilnius,12963.0,118.38,2.3,1.63,34.8,1.16,54219315600,103.9,72.4,3.3,Vilnius,75.7,8.0,2.41,Lithuanian,32.1,6.35,2786844,61.6,16.9,42.6,6.35,1891013
100,Luxembourg,242,LU,53.7,2586,2000,10.3,Luxembourg City,8988.0,115.09,1.7,1.37,35.7,1.19,71104919108,102.3,19.2,1.9,Luxembourg City,82.1,5.0,13.05,Luxembourgish,10.6,3.01,645397,59.3,26.5,20.4,5.36,565488
101,Madagascar,48,MG,71.2,587041,22000,32.66,Antananarivo,3905.0,184.33,5.6,4.08,21.4,1.11,14083906357,142.5,5.4,38.2,Antananarivo,66.7,335.0,0.21,French,21.7,0.18,26969307,86.1,10.2,38.3,1.76,10210849
102,Malawi,203,MW,61.4,118484,15000,34.12,Lilongwe,1298.0,418.34,9.4,4.21,33.2,1.15,7666704427,142.5,0.8,35.3,Lilongwe,63.8,349.0,0.12,English,11.0,0.04,18628747,76.7,17.3,34.5,5.65,3199301
103,Malaysia,99,MY,26.3,329847,136000,16.75,Kuala Lumpur,248289.0,121.46,0.7,2.0,67.6,0.45,364701517788,105.3,45.1,6.7,Johor Bahru,76.0,29.0,0.93,Malaysian language,36.7,1.51,32447385,64.3,12.0,38.7,3.32,24475766
104,Maldives,1802,MV,26.3,298,5000,14.2,Mal,1445.0,99.7,0.2,1.87,3.3,1.63,5729248472,97.1,31.2,7.4,Mal,78.6,53.0,0.0,Divehi,16.4,4.56,530953,69.8,19.5,30.2,6.14,213645
105,Mali,17,ML,33.8,1240192,18000,41.54,Bamako,3179.0,108.73,-1.7,5.88,3.8,1.12,17510141171,75.6,4.5,62.0,Bamako,58.9,562.0,0.23,French,46.3,0.13,19658031,70.8,11.6,54.5,7.22,8479688
106,Malta,1380,MT,32.4,316,2000,9.2,Valletta,1342.0,113.45,1.6,1.23,1.1,1.36,14786156563,105.0,54.3,6.1,Birkirkara,82.3,6.0,5.07,Maltese,37.1,2.86,502653,56.5,26.2,44.0,3.47,475902
107,Marshall Islands,329,MH,63.9,181,0,29.03,Majuro,143.0,0.0,0.0,4.05,70.2,1.44,221278000,84.7,23.7,27.4,Majuro,65.2,0.0,2.0,Marshallese,10.0,0.42,58791,0.0,17.8,65.9,0.0,45514
108,Mauritania,5,MR,38.5,1030700,21000,33.69,Nouakchott,2739.0,135.02,2.3,4.56,0.2,1.13,7593752450,99.9,5.0,51.5,Nouakchott,64.7,766.0,0.53,Arabic,48.2,0.19,4525696,45.9,0.0,67.0,9.55,2466821
109,Mauritius,626,MU,42.4,2040,3000,10.2,Port Louis,4349.0,129.91,0.4,1.41,19.0,1.12,14180444557,101.1,40.6,13.6,Port Louis,74.4,61.0,0.38,French,50.7,2.53,1265711,58.3,19.1,22.2,6.67,515980
110,Mexico,66,MX,54.6,1964375,336000,17.6,Mexico City,486406.0,141.54,3.6,2.13,33.9,0.73,1258286717125,105.8,40.2,11.0,Mexico City,75.0,33.0,0.49,,41.4,2.38,126014024,60.7,13.1,55.1,3.42,102626859
111,Federated States of Micronesia,784,FM,31.4,702,0,22.82,Palikir,143.0,112.1,0.5,3.05,91.9,0.0,401932279,97.2,14.1,25.6,Palikir,67.8,88.0,0.0,English,2.5,0.18,113815,0.0,25.2,60.5,0.0,25963
112,Moldova,123,MD,74.2,33851,7000,10.1,Chi,5115.0,166.2,4.8,1.26,12.6,0.8,11955435457,90.6,39.8,13.6,Chi,71.8,19.0,0.31,Romanian,46.2,3.21,2657637,43.1,17.7,38.7,5.47,1135502
113,Monaco,26337,MC,0.0,2,0,5.9,Monaco City,0.0,0.0,0.0,0.0,0.0,2.0,7184844193,0.0,0.0,2.6,Monaco City,0.0,0.0,11.72,French,6.1,6.56,38964,0.0,0.0,0.0,0.0,38964
114,Mongolia,2,MN,71.5,1564116,18000,24.13,Ulaanbaatar,25368.0,195.76,7.3,2.9,8.0,0.72,13852850259,104.0,65.6,14.0,Ulaanbaatar,69.7,45.0,0.65,Mongolian,39.3,2.86,3225167,59.7,16.8,25.7,6.01,2210626
115,Montenegro,47,ME,19.0,13812,12000,11.73,Podgorica,2017.0,116.32,2.6,1.75,61.5,1.16,5494736901,100.0,56.1,2.3,Podgorica,76.8,6.0,1.23,Montenegrin language,31.8,2.76,622137,54.4,0.0,22.2,14.88,417765
116,Morocco,83,MA,68.5,446550,246000,18.94,Rabat,61276.0,111.07,0.2,2.42,12.6,0.99,118725279596,113.9,35.9,19.2,Casablanca,76.5,70.0,1.6,Arabic,53.1,0.73,36910560,45.3,21.9,45.8,9.02,22975026
117,Mozambique,40,MZ,63.5,799380,11000,37.52,Maputo,7943.0,182.31,2.8,4.85,48.0,0.65,14934159926,112.6,7.3,54.0,Maputo,60.2,289.0,0.27,Portuguese,6.8,0.08,30366036,78.1,0.0,36.1,3.24,11092106
118,Myanmar,83,MM,19.5,676578,513000,17.55,Naypyidaw,25280.0,168.18,8.8,2.15,43.6,0.54,76085852617,112.3,18.8,36.8,Yangon,66.9,250.0,0.39,Burmese,73.9,0.68,54045420,61.7,5.4,31.2,1.58,16674093
119,Namibia,3,,47.1,824292,16000,28.64,Windhoek,4228.0,157.97,3.7,3.4,8.3,0.76,12366527719,124.2,22.9,29.0,Windhoek,63.4,195.0,0.0,English,8.3,0.42,2494530,59.5,27.1,20.7,20.27,1273258
120,Nauru,541,NR,0.0,21,0,0.0,Yaren District,0.0,0.0,0.0,0.0,0.0,0.0,133000000,0.0,0.0,0.0,,0.0,0.0,0.0,English,0.0,0.0,10084,0.0,0.0,0.0,0.0,0
121,Nepal,203,NP,28.7,147181,112000,19.89,Kathmandu,9105.0,188.73,5.6,1.92,25.4,0.91,30641380604,142.1,12.4,26.7,Kathmandu,70.5,186.0,0.36,Nepali,60.4,0.75,28608710,83.8,20.7,41.8,1.41,5765513
122,Netherlands,508,NL,53.3,41543,41000,9.7,Amsterdam,170780.0,115.91,2.6,1.59,11.2,1.68,909070395161,104.2,85.0,3.3,Amsterdam,81.8,5.0,10.29,Dutch,12.3,3.61,17332850,63.6,23.0,41.2,3.2,15924729
123,New Zealand,18,NZ,40.5,268838,9000,11.98,Wellington,34382.0,114.24,1.6,1.71,38.6,1.4,206928765544,100.0,82.0,4.7,Auckland,81.9,9.0,11.49,English,12.6,3.59,4841000,69.9,29.0,34.6,4.07,4258860
124,Nicaragua,55,NI,42.1,130370,12000,20.64,Managua,5592.0,162.74,5.4,2.4,25.9,0.91,12520915291,120.6,17.4,15.7,Managua,74.3,98.0,0.54,Spanish,36.0,0.98,6545502,66.4,15.6,60.6,6.84,3846137
125,Niger,19,NE,36.1,1267000,10000,46.08,Niamey,2017.0,109.32,-2.5,6.91,0.9,0.88,12928145120,74.7,4.4,48.0,Niamey,62.0,509.0,0.29,French,52.3,0.04,23310715,72.0,11.8,47.2,0.47,3850231
126,Nigeria,226,NG,77.7,923768,215000,37.91,Abuja,120369.0,267.51,11.4,5.39,7.2,0.46,448120428859,84.7,10.2,75.7,Lagos,54.3,917.0,0.54,English,72.2,0.38,200963599,52.9,1.5,34.8,8.1,102806948
127,North Korea,214,KP,21.8,120538,1469000,13.89,Pyongyang,28284.0,0.0,0.0,1.9,40.7,0.58,32100000000,112.8,27.0,13.7,Pyongyang,72.1,89.0,0.0,Korean,0.0,3.67,25666161,80.4,0.0,0.0,2.74,15947412
128,North Macedonia,83,,0.0,25713,0,0.0,Skopje,0.0,0.0,0.0,0.0,0.0,0.0,10220781069,0.0,0.0,0.0,Skopje,0.0,0.0,0.0,Macedonian,35.6,0.0,1836713,0.0,0.0,0.0,0.0,0
129,Norway,15,NO,2.7,323802,23000,10.4,Oslo,41023.0,120.27,2.2,1.56,33.2,1.78,403336363636,100.3,82.0,2.1,Oslo,82.8,2.0,0.0,Norwegian,14.3,2.92,5347896,63.8,23.9,36.2,3.35,4418218
130,Oman,16,OM,4.6,309500,47000,19.19,Muscat,63457.0,113.53,0.1,2.89,0.0,0.45,76983094928,103.4,38.0,9.8,Seeb,77.6,19.0,4.33,Arabic,6.4,2.0,5266535,72.4,2.5,27.4,2.67,4250777
131,Pakistan,287,PK,47.8,796095,936000,28.25,Islamabad,201150.0,182.32,10.6,3.51,1.9,0.79,304400000000,94.3,9.0,57.2,Karachi,67.1,140.0,0.69,Urdu,66.5,0.98,216565318,52.6,9.2,33.9,4.45,79927762
132,Palau,39,PW,10.9,459,0,14.0,Ngerulmud,224.0,118.17,1.3,2.21,87.6,0.0,283994900,112.6,54.7,16.6,Koror,69.1,0.0,3.0,English,21.8,1.18,18233,0.0,21.3,76.6,0.0,14491
133,Palestinian National Authority,847,,0.0,0,0,0.0,,0.0,0.0,0.0,0.0,0.0,0.0,0,0.0,0.0,0.0,,0.0,0.0,0.0,Arabic,0.0,0.0,0,0.0,0.0,0.0,0.0,0
134,Panama,58,PA,30.4,75420,26000,18.98,Panama City,10715.0,122.07,-0.4,2.46,61.9,0.74,66800800000,94.4,47.8,13.1,Panama City,78.3,52.0,1.53,Spanish,30.5,1.57,4246439,66.6,0.0,37.2,3.9,2890084
135,Papua New Guinea,20,PG,2.6,462840,4000,27.07,Port Moresby,7536.0,155.99,3.6,3.56,74.1,1.36,24969611435,108.5,1.8,38.0,Port Moresby,64.3,145.0,1.16,Tok Pisin,5.8,0.07,8776109,47.2,13.6,37.1,2.46,1162834
136,Paraguay,18,PY,55.1,406752,27000,20.57,Asunci,7407.0,143.82,2.8,2.43,37.7,1.04,38145288940,104.4,34.6,17.2,Ciudad del Este,74.1,129.0,1.55,Spanish,36.5,1.35,7044636,72.1,10.0,35.0,4.81,4359150
137,Peru,26,PE,18.5,1285216,158000,17.95,Lima,57414.0,129.78,2.1,2.25,57.7,0.99,226848050820,106.9,70.7,11.1,Lima,76.5,88.0,1.28,Spanish,30.9,1.27,32510453,77.6,14.3,36.8,3.31,25390339
138,Philippines,368,PH,41.7,300000,153000,20.55,Manila,122287.0,129.61,2.5,2.58,27.8,0.86,376795508680,107.5,35.5,22.5,Manila,71.1,121.0,1.12,English,53.5,0.6,108116615,59.6,14.0,43.1,2.15,50975903
139,Poland,124,PL,46.9,312685,191000,10.2,Warsaw,299037.0,114.11,2.2,1.46,30.9,1.07,592164400688,100.0,67.8,3.8,Warsaw,77.6,2.0,2.93,Polish,23.2,2.38,37970874,56.7,17.4,40.8,3.47,22796574
140,Portugal,111,PT,39.5,92212,52000,8.5,Lisbon,48742.0,110.62,0.3,1.38,34.6,1.54,237686075635,106.2,63.9,3.1,Lisbon,81.3,8.0,3.78,Portuguese,27.7,5.12,10269417,58.8,22.8,39.8,6.33,6753579
141,Qatar,248,QA,5.8,11586,22000,9.54,Doha,103259.0,115.38,-0.7,1.87,0.0,0.4,183466208791,103.8,17.9,5.8,Doha,80.1,9.0,0.0,Arabic,6.2,2.49,2832067,86.8,14.7,11.3,0.09,2809071
142,Romania,84,RO,58.8,238391,126000,9.6,Bucharest,69259.0,123.78,3.8,1.71,30.1,1.16,250077444017,85.2,49.4,6.1,Bucharest,75.4,19.0,2.25,Romanian,21.3,2.98,19356544,54.7,14.6,20.0,3.98,10468793
143,Russia,9,RU,13.3,17098240,1454000,11.5,Moscow,1732027.0,180.75,4.5,1.57,49.8,0.59,1699876578871,102.6,81.9,6.1,Moscow,72.7,17.0,0.53,Russian,36.4,4.01,144373535,61.8,11.4,46.2,4.59,107683889
144,Rwanda,525,RW,73.4,26338,35000,31.7,Kigali,1115.0,151.09,3.4,4.04,19.7,1.17,10122472590,133.0,6.7,27.0,Kigali,68.7,248.0,0.0,Swahili,26.0,0.13,12626950,83.7,14.3,33.2,1.03,2186104
145,Saint Kitts and Nevis,205,KN,23.1,261,0,12.6,Basseterre,238.0,104.57,-1.0,2.11,42.3,0.0,1050992593,108.7,86.7,9.8,Basseterre,71.3,0.0,3.33,English,56.6,2.52,52823,0.0,18.5,49.7,0.0,16269
146,Saint Lucia,301,LC,17.4,616,0,12.0,Castries,414.0,110.13,1.9,1.44,33.2,1.3,2122450630,102.6,14.1,14.9,Castries,76.1,117.0,0.0,English,48.4,0.64,182790,67.1,18.2,34.7,20.71,34280
147,Saint Vincent and the Grenadines,284,VC,25.6,389,0,14.24,Kingstown,220.0,109.67,2.3,1.89,69.2,0.0,825385185,113.4,23.7,14.8,Calliaqua,72.4,68.0,1.16,English,21.4,0.66,100455,65.9,25.4,37.0,18.88,58185
148,Samoa,70,WS,12.4,2831,0,24.38,Apia,246.0,117.56,1.0,3.88,60.4,0.91,850655017,110.5,7.6,13.6,Apia,73.2,43.0,0.78,Samoan,11.5,0.34,202506,43.7,25.5,19.3,8.36,35588
149,San Marino,566,SM,16.7,61,0,6.8,City of San Marino,0.0,110.63,1.0,1.26,0.0,0.0,1637931034,108.1,42.5,1.7,City of San Marino,85.4,0.0,0.0,Italian,18.3,6.11,33860,0.0,18.1,36.2,0.0,32969
151,Saudi Arabia,16,SA,80.8,2149690,252000,17.8,Riyadh,563449.0,118.4,-1.2,2.32,0.5,0.24,792966838162,99.8,68.0,6.0,Riyadh,75.0,17.0,3.85,Arabic,15.0,2.61,34268528,55.9,8.9,15.7,5.93,28807838
152,Senegal,87,SN,46.1,196722,19000,34.52,Dakar,10902.0,109.25,1.8,4.63,42.8,1.14,23578084052,81.0,12.8,31.8,Pikine,67.7,315.0,0.31,French,44.2,0.07,16296364,45.7,16.3,44.8,6.6,7765706
153,Serbia,100,RS,39.3,77474,32000,9.2,Belgrade,45221.0,144.0,1.8,1.49,31.1,1.16,51409167351,100.3,67.2,4.8,Belgrade,75.5,12.0,1.57,Serbian,40.6,3.11,6944975,54.9,18.6,36.6,12.69,3907243
154,Seychelles,214,SC,3.4,455,0,17.1,"Victoria, Seychelles",605.0,129.96,1.8,2.41,88.4,0.0,1698843063,100.4,17.1,12.4,"Victoria, Seychelles",72.8,53.0,2.0,French,2.5,0.95,97625,0.0,34.1,30.1,0.0,55762
155,Sierra Leone,111,SL,54.7,71740,9000,33.41,Freetown,1093.0,234.16,14.8,4.26,43.1,1.08,3941474311,112.8,2.0,78.5,Freetown,54.3,1120.0,0.57,English,38.2,0.03,7813215,57.9,8.6,30.7,4.43,3319366
156,Singapore,8358,SG,0.9,716,81000,8.8,,37535.0,114.41,0.6,1.14,23.1,1.25,372062527489,100.6,84.8,2.3,,83.1,8.0,0.0,Malay,36.7,2.29,5703569,70.5,13.1,21.0,4.11,5703569
157,Slovakia,114,SK,39.2,49035,16000,10.6,Bratislava,32424.0,115.34,2.7,1.52,40.4,1.32,105422304976,98.7,46.6,4.6,Bratislava,77.2,5.0,3.11,Slovak,18.4,3.42,5454073,59.5,18.7,49.7,5.56,2930419
158,Slovenia,103,SI,30.7,20273,7000,9.4,Ljubljana,12633.0,111.05,1.6,1.6,62.0,1.32,53742159517,100.4,78.6,1.7,Ljubljana,81.0,7.0,5.25,Slovene language,12.5,3.09,2087946,58.4,18.6,31.0,4.2,1144654
159,Solomon Islands,25,SB,3.9,28896,0,32.44,Honiara,169.0,133.06,1.6,4.4,77.9,0.0,1425074226,106.2,0.0,17.1,Honiara,72.8,104.0,0.4,English,3.3,0.19,669823,83.8,29.5,32.0,0.58,162164
160,Somalia,25,SO,70.3,637657,20000,41.75,Mogadishu,645.0,0.0,0.0,6.07,10.0,1.41,4720727278,23.4,2.5,76.6,Bosaso,57.1,829.0,0.0,Arabic,0.0,0.02,15442905,47.4,0.0,0.0,11.35,7034861
161,South Africa,49,ZA,79.8,1219090,80000,20.51,Pretoria,476644.0,158.93,4.1,2.41,7.6,0.92,351431649241,100.9,22.4,28.5,Johannesburg,63.9,119.0,0.0,Afrikaans,7.7,0.91,58558270,56.0,27.5,29.2,28.18,39149717
162,South Korea,527,KR,17.4,99720,634000,6.4,Seoul,620302.0,115.16,0.4,0.98,63.4,1.22,2029000000000,98.1,94.3,2.7,Seoul,82.6,11.0,6.49,Korean,36.8,2.36,51709098,63.0,15.6,33.2,4.15,42106719
163,South Sudan,18,SS,0.0,644329,185000,35.01,Juba,1727.0,4583.71,187.9,4.7,0.0,0.28,11997800751,73.0,0.0,63.7,Juba,57.6,1150.0,0.0,English,61.3,0.0,11062113,72.4,0.0,31.4,12.24,2201250
164,Spain,94,ES,52.6,505370,196000,7.9,Madrid,244002.0,110.96,0.7,1.26,36.9,1.26,1394116310769,102.7,88.9,2.5,Madrid,83.3,4.0,5.6,Spanish,24.2,3.87,47076781,57.5,14.2,47.0,13.96,37927409
165,Sri Lanka,341,LK,43.7,65610,317000,15.83,Colombo,23362.0,155.53,3.5,2.2,32.9,0.88,84008783756,100.2,19.6,6.4,Colombo,76.8,36.0,0.35,Tamil,38.4,1.0,21803000,53.9,11.9,55.2,4.2,4052088
166,Sudan,25,SD,28.7,1861484,124000,32.18,Khartoum,20000.0,1344.19,51.0,4.41,8.1,0.95,18902284476,76.8,16.9,42.1,Omdurman,65.1,295.0,0.41,Arabic,63.2,0.26,42813238,48.4,8.0,45.4,16.53,14957233
167,Suriname,4,SR,0.6,163820,2000,18.54,Paramaribo,1738.0,294.66,22.0,2.42,98.3,1.29,3985250737,108.8,12.6,16.9,Paramaribo,71.6,120.0,0.0,Dutch,10.1,1.21,581372,51.1,19.5,27.9,7.33,384258
170,Syria,95,SY,75.8,185180,239000,23.69,Damascus,28830.0,143.2,36.7,2.81,2.7,0.83,40405006007,81.7,40.1,14.0,Damascus,71.8,31.0,1.02,Arabic,53.7,1.22,17070135,44.1,14.2,42.7,8.37,9358019
171,Tajikistan,68,TJ,34.1,144100,17000,30.76,Dushanbe,5310.0,148.57,6.0,3.59,3.0,0.71,8116626794,100.9,31.3,30.4,Dushanbe,70.9,17.0,0.23,Persian,63.1,1.7,9321018,42.0,9.8,67.3,11.02,2545477
172,Tanzania,67,TZ,44.8,947300,28000,36.7,Dodoma,11973.0,187.43,3.5,4.89,51.6,0.87,63177068175,94.2,4.0,37.6,Dar es Salaam,65.0,524.0,0.09,Swahili,26.1,0.01,58005463,83.4,11.5,43.8,1.98,20011885
173,Thailand,137,TH,43.3,513120,455000,10.34,Bangkok,283763.0,113.27,0.7,1.53,32.2,0.71,543649976166,99.8,49.3,7.8,Bangkok,76.9,37.0,1.06,Thai,11.8,0.81,69625582,67.3,14.9,29.5,0.75,35294600
174,East Timor,89,TL,25.6,14874,2000,29.42,Dili,495.0,145.38,2.6,4.02,45.4,1.1,1673540300,115.3,17.8,39.3,Dili,69.3,142.0,0.6,Portuguese,10.2,0.72,3500000,67.3,25.0,17.3,4.55,400182
175,Togo,152,TG,70.2,56785,10000,33.11,Lom,3000.0,113.3,0.7,4.32,3.1,0.71,5459979417,123.8,14.5,47.4,Lom,60.8,396.0,0.34,French,51.0,0.08,8082366,77.6,16.9,48.2,2.04,3414638
176,Tonga,147,TO,45.8,747,0,24.3,Nuku,128.0,121.09,7.4,3.56,12.5,0.0,450353314,116.3,6.4,13.4,Nuku,70.8,52.0,0.0,Tongan Language,10.2,0.52,100209,59.8,22.3,27.5,1.12,24145
177,Trinidad and Tobago,273,TT,10.5,5128,4000,12.94,Port of Spain,43868.0,141.75,1.0,1.73,46.0,0.54,24100202834,106.2,12.0,16.4,Chaguanas,73.4,67.0,2.25,English,37.3,4.17,1394973,60.0,19.5,40.5,2.69,741944
178,Tunisia,76,TN,64.8,163610,48000,17.56,Tunis,29937.0,155.33,6.7,2.2,6.8,0.73,38797709924,115.4,31.7,14.6,Tunis,76.5,43.0,0.47,Arabic,39.8,1.3,11694719,46.1,21.1,60.7,16.02,8099061
179,Turkey,110,TR,49.8,783562,512000,16.03,Ankara,372725.0,234.44,15.2,2.07,15.4,1.42,754411708203,93.2,23.9,9.1,Istanbul,77.4,17.0,3.45,Turkish,16.9,1.85,83429615,52.8,17.9,42.3,13.49,63097818
180,Turkmenistan,13,TM,72.0,488100,42000,23.83,Ashgabat,70630.0,0.0,0.0,2.79,8.8,0.29,40761142857,88.4,8.0,39.3,Ashgabat,68.1,7.0,0.88,Turkmen,71.1,2.22,5942089,64.5,0.0,0.0,3.91,3092738
181,Tuvalu,393,TV,60.0,26,0,0.0,Funafuti,11.0,0.0,0.0,0.0,33.3,0.0,47271463,86.0,0.0,20.6,Singapore,0.0,0.0,0.0,Tuvaluan Language,0.7,0.92,11646,0.0,0.0,0.0,0.0,7362
182,Uganda,229,UG,71.9,241038,46000,38.14,Kampala,5680.0,173.87,2.9,4.96,9.7,0.94,34387229486,102.7,4.8,33.8,Buganda,63.0,375.0,0.01,Swahili,40.5,0.17,44269594,70.3,11.7,33.7,1.84,10784516
183,Ukraine,75,UA,71.7,603550,297000,8.7,Kyiv,202250.0,281.66,7.9,1.3,16.7,0.83,153781069118,99.0,82.7,7.5,Kyiv,71.6,19.0,0.84,Ukrainian,47.8,2.99,44385155,54.2,20.1,45.2,8.88,30835699
184,United Arab Emirates,118,AE,5.5,83600,63000,10.33,Abu Dhabi,206324.0,114.52,-1.9,1.41,4.6,0.49,421142267938,108.4,36.8,6.5,Dubai,77.8,3.0,0.0,Arabic,17.8,2.53,9770529,82.1,0.1,15.9,2.35,8479744
185,United Kingdom,281,GB,71.7,243610,148000,11.0,London,379025.0,119.62,1.7,1.68,13.1,1.46,2827113184696,101.2,60.0,3.6,London,81.3,7.0,10.13,English,14.8,2.81,66834405,62.8,25.5,30.6,3.85,55908316
186,United States,36,US,44.4,9833517,1359000,11.6,"Washington, D.C.",5006302.0,117.24,7.5,1.73,33.9,0.71,21427700000000,101.8,88.2,5.6,New York City,78.5,19.0,7.25,,11.1,2.61,328239523,62.0,9.6,36.6,14.7,270663028
187,Uruguay,20,UY,82.6,176215,22000,13.86,Montevideo,6766.0,202.92,7.9,1.97,10.7,1.5,56045912952,108.5,63.1,6.4,Montevideo,77.8,17.0,1.66,Spanish,16.2,5.05,3461734,64.0,20.1,41.8,8.73,3303394
188,Uzbekistan,79,UZ,62.9,447400,68000,23.3,Tashkent,91811.0,0.0,0.0,2.42,7.5,1.03,57921286440,104.2,10.1,19.1,Tashkent,71.6,29.0,0.24,Uzbek,42.7,2.37,33580650,65.1,14.8,31.6,5.92,16935729
189,Vanuatu,25,VU,15.3,12189,0,29.6,Port Vila,147.0,117.13,2.8,3.78,36.1,1.31,917058851,109.3,4.7,22.3,Port Vila,70.3,72.0,1.56,French,8.9,0.17,299882,69.9,17.8,8.5,4.39,76152
190,Venezuela,32,VE,24.5,912050,343000,17.88,Caracas,164175.0,2740.27,254.9,2.27,52.7,0.0,482359318768,97.2,79.3,21.4,Caracas,72.1,125.0,0.01,Spanish,45.8,1.92,28515829,59.7,0.0,73.3,8.8,25162368
191,Vietnam,314,VN,39.3,331210,522000,16.75,Hanoi,192668.0,163.52,2.8,2.05,48.1,0.8,261921244843,110.6,28.5,16.5,Ho Chi Minh City,75.3,43.0,0.73,Vietnamese,43.5,0.82,96462106,77.4,19.1,37.6,2.01,35332140
192,Yemen,56,YE,44.6,527968,40000,30.45,Sanaa,10609.0,157.58,8.1,3.79,1.0,0.92,26914402224,93.6,10.2,42.9,Sanaa,66.1,164.0,0.0,Arabic,81.0,0.31,29161922,38.0,0.0,26.6,12.91,10869523
193,Zambia,25,ZM,32.1,752618,16000,36.19,Lusaka,5141.0,212.31,9.2,4.63,65.2,1.4,23064722446,98.7,4.1,40.4,Lusaka,63.5,213.0,0.24,English,27.5,1.19,17861030,74.6,16.2,15.6,11.43,7871713
194,Zimbabwe,38,ZW,41.9,390757,51000,30.68,Harare,10983.0,105.51,0.9,3.62,35.5,1.34,21440758800,109.9,10.0,33.9,Harare,61.2,458.0,0.0,Shona,25.8,0.21,14645468,83.1,20.7,31.6,4.95,4717305
